Auction ID,Saved At,Sale Date & Time,Auctioneer,County,Address,Deposit,Occupied,Look,Comp,Rehab,Profit,Max,%,MaxS,My Note,Deposit Amount,Status,Ad Link
16236566eb9b81c6f5bb,2026-05-26T10:57:24,2026-05-26 11:00:00,AC,Caroline County,"111 Reliance Avenue, Federalsburg, 21632","$18,000",False,,0,0,0,,,,,18000.0,Active,https://realestate.alexcooper.com/direct-download-document?url=https%3A%2F%2Fproduction2-server.auctionmobility.com%2Fv1%2Fdocument%2F1-EGQL%2F1-CMMIY4%2Fauctionmobility-tenant-private%2F9SvY-1-EGQL%2Fdocuments%2F526077.pdf
14eea91198e0bf3d687e,2026-05-26T10:57:24,2026-05-26 11:30:00,TW,Prince George's County,"1011 Winged Foot Drive, Bowie, MD 20721","$40,000",False,,0,0,0,,,,,40000.0,Active,
a67bae25e0c307792af7,2026-05-26T10:57:24,2026-05-26 11:30:00,TW,Prince George's County,"1204 Farmington Avenue, Accokeek, MD 20607","$53,500",False,,0,0,0,,,,,53500.0,Active,
fb5cce01f490e1b0782d,2026-05-26T10:57:24,2026-05-26 11:30:00,TW,Prince George's County,"12410 Gladys Retreat Circle, Bowie, MD 20720","$47,000",False,,0,0,0,,,,,47000.0,Active,
6cfadfebff4c89a129a0,2026-05-26T10:57:24,2026-05-26 11:30:00,TW,Prince George's County,"15512 Empress Way, Bowie, MD 20716","$26,000",False,,0,0,0,,,,,26000.0,Active,
a04dfbe4cc941462c7cc,2026-05-26T10:57:24,2026-05-26 14:00:00,HW,Prince George's County,"12601 LONGWATER DRIVE, MITCHELLVILLE, MD 20721",10%,False,,0,0,0,,,,,0.0,Active,https://app.hwestauctions.com/details.php?id=152669
d20f88eb7400c828eb9f,2026-05-26T10:57:24,2026-05-26 14:00:00,HW,Prince George's County,"3842 EAVES LANE, BOWIE, MD 20716",10%,False,,0,0,0,,,,,0.0,Active,https://app.hwestauctions.com/details.php?id=152743
f62e3f71ed9f8216da35,2026-05-26T10:57:24,2026-05-27 09:30:00,HW,Frederick County,"11000 HAZELNUT LANE, MONROVIA, MD 21770",10%,False,,0,0,0,,,,,0.0,Active,https://app.hwestauctions.com/details.php?id=152544
4b9ffc568d84a682b1c0,2026-05-26T10:57:24,2026-05-27 11:00:00,AC,Prince George's County,"5946 East Boniwood Turn, Clinton, 20735","$20,000",False,,0,0,0,,,,,20000.0,Active,https://realestate.alexcooper.com/direct-download-document?url=https%3A%2F%2Fproduction2-server.auctionmobility.com%2Fv1%2Fdocument%2F1-EGQL%2F1-CMMIZK%2Fauctionmobility-tenant-private%2F8HVG-1-EGQL%2Fdocuments%2F526305.pdf
a0763546f839aae43790,2026-05-26T10:57:24,2026-05-27 11:11:00,AC,Prince George's County,"5804 Brooke Jane Drive, Clinton, 20735","$52,000",False,,0,0,0,,,,,52000.0,Active,https://realestate.alexcooper.com/direct-download-document?url=https%3A%2F%2Fproduction2-server.auctionmobility.com%2Fv1%2Fdocument%2F1-EGQL%2F1-CMMJ27%2Fauctionmobility-tenant-private%2FTBM0-1-EGQL%2Fdocuments%2F526294.pdf
2bce58e84050c7d58852,2026-05-26T10:57:24,2026-05-27 11:15:00,TW,Montgomery County,"2702 Silverdale Drive, Silver Spring, MD 20906","$5,000",False,,0,0,0,,,,,5000.0,Active,
1fbc5389d6f593de42e4,2026-05-26T10:57:24,2026-05-28 09:56:00,AC,Baltimore City,"409 East Clement Street, Baltimore, 21230","$30,000",False,,0,0,0,,,,,30000.0,Active,https://realestate.alexcooper.com/direct-download-document?url=https%3A%2F%2Fproduction2-server.auctionmobility.com%2Fv1%2Fdocument%2F1-EGQL%2F1-CMMJ42%2Fauctionmobility-tenant-private%2Fob4G-1-EGQL%2Fdocuments%2F526343.pdf
e3ccc793cea7c5ce732c,2026-05-26T10:57:24,2026-05-28 10:00:00,TW,Baltimore City,"3406 Ramona Avenue, Baltimore, MD 21213","$5,000",False,,0,0,0,,,,,5000.0,Active,
8342400cb9573c1d74e3,2026-05-26T10:57:24,2026-05-28 11:45:00,HW,Baltimore City,"4016 BELWOOD AVE, BALTIMORE, MD 21206","$11,700",False,,0,0,0,,,,,11700.0,Active,https://app.hwestauctions.com/details.php?id=152809
6470fbeaad4ebf67c5e7,2026-05-26T10:57:49,2026-05-26 10:00:00,TW,Anne Arundel County,"7954 Quarterfield Road, Severn, MD 21144","$35,000",False,nan,0,0,0,,,,,35000.0,Active,
6fcc5da80f5a20cdfe6a,2026-05-26T10:57:49,2026-05-26 10:00:00,HW,Howard County,"9508 MELLOW CT, LAUREL, MD 20723","$35,500",False,nan,0,0,0,,,,,35500.0,Active,https://app.hwestauctions.com/details.php?id=152680
c21d4382e5b4bab7ddcd,2026-05-26T10:57:49,2026-05-26 11:00:00,HW,"Washington, DC","1301 SOUTHWEST DELAWARE AVENUE UNIT N-610, WASHINGTON, MD 20024","$15,000",False,nan,0,0,0,,,,,15000.0,Active,https://app.hwestauctions.com/details.php?id=152631
937082094f5282092b6a,2026-05-26T10:57:49,2026-05-26 11:00:00,HW,"Washington, DC","1618 FORT DUPONT STREET SOUTHEAST, WASHINGTON, MD 20020","$15,000",False,nan,0,0,0,,,,,15000.0,Active,https://app.hwestauctions.com/details.php?id=152518
0d34c1d391981812c9b6,2026-05-26T10:57:49,2026-05-26 11:00:00,HW,"Washington, DC","4400 GAULT PLACE NORTHEAST, WASHINGTON, MD 20019","$35,000",False,nan,0,0,0,,,,,35000.0,Active,https://app.hwestauctions.com/details.php?id=152569
23ddbe3d09acbf0ea491,2026-05-26T10:57:49,2026-05-26 11:00:00,HW,"Washington, DC","510 N STREET SW, #N130, WASHINGTON, MD 20024","$10,000",False,nan,0,0,0,,,,,10000.0,Active,https://app.hwestauctions.com/details.php?id=152633
8a767409017693649d29,2026-05-26T10:57:49,2026-05-26 11:30:00,HW,Baltimore City,"1720 LAKESIDE AVE, BALTIMORE, MD 21218","$12,000",False,nan,0,0,0,,,,,12000.0,Active,https://app.hwestauctions.com/details.php?id=152531
0839a88bafe4d96b4d70,2026-05-26T10:57:49,2026-05-26 11:30:00,HW,Baltimore City,"2861 W NORTH AVE, BALTIMORE, MD 21216","$6,000",False,nan,0,0,0,,,,,6000.0,Active,https://app.hwestauctions.com/details.php?id=152610
a2e2e972abc695002a62,2026-05-26T10:57:49,2026-05-26 11:30:00,HW,Baltimore City,"3413 CALLAWAY AVE, BALTIMORE, MD 21215","$29,000",False,nan,0,0,0,,,,,29000.0,Active,https://app.hwestauctions.com/details.php?id=152651
1b0d89fb20d9005f15c6,2026-05-26T10:57:49,2026-05-26 11:30:00,HW,Baltimore City,"4026 WOODMERE AVE, BALTIMORE, MD 21215","$22,000",False,nan,0,0,0,,,,,22000.0,Active,https://app.hwestauctions.com/details.php?id=152612
8bdcf51900589c549d1a,2026-05-26T10:57:49,2026-05-26 11:30:00,TW,Prince George's County,"606 Jennings Mill Drive, Bowie, MD 20721","$43,000",False,nan,0,0,0,,,,,43000.0,Active,
a0f54dc3310d06f58a89,2026-05-26T10:57:49,2026-05-26 11:30:00,TW,Prince George's County,"835 Regents Sq #350, Oxon Hill, MD 20745","$50,000",False,nan,0,0,0,,,,,50000.0,Active,
913d295ba368a6b7bc80,2026-05-26T10:57:49,2026-05-26 11:30:00,TW,Prince George's County,"9101 4th Street, Lanham, MD 20706","$23,000",False,nan,0,0,0,,,,,23000.0,Active,
004d031a4e3c740737bb,2026-05-26T10:57:49,2026-05-26 12:00:00,HW,Charles County,"2768 WRANGLER COURT, WALDORF, MD 20603",10%,False,nan,0,0,0,,,,,0.0,Active,https://app.hwestauctions.com/details.php?id=152747
0053a09da5d5b78504f0,2026-05-26T10:57:49,2026-05-26 12:00:00,HW,Charles County,"3404 VELVET ASH COURT, WALDORF, MD 20602",10%,False,nan,0,0,0,,,,,0.0,Active,https://app.hwestauctions.com/details.php?id=152578
0d7ac4278fa953f9bda6,2026-05-26T10:57:49,2026-05-26 12:50:00,AC,Dorchester County,"5039 River Road, Hurlock, 21643","$10,000",False,nan,0,0,0,,,,,10000.0,Active,https://realestate.alexcooper.com/direct-download-document?url=https%3A%2F%2Fproduction2-server.auctionmobility.com%2Fv1%2Fdocument%2F1-EGQL%2F1-CMMIYR%2Fauctionmobility-tenant-private%2FKT9q-1-EGQL%2Fdocuments%2F526316.pdf
ae48e0303203d0b5d05a,2026-05-26T10:57:49,2026-05-26 13:30:00,HW,Baltimore County,"1406 BARRETT ROAD, BALTIMORE, MD 21207","$18,500",False,nan,0,0,0,,,,,18500.0,Active,https://app.hwestauctions.com/details.php?id=152724
9b2c9e502dd741a9449b,2026-05-26T10:57:49,2026-05-26 13:30:00,HW,Baltimore County,"7 BERLEE CT, WINDSOR MILL, MD 21244","$30,500",False,nan,0,0,0,,,,,30500.0,Active,https://app.hwestauctions.com/details.php?id=152498
259c034e9cbbc315f83e,2026-05-26T10:57:49,2026-05-26 13:30:00,HW,Somerset County,"23388 HAINES POINT RD, CHANCE, MD 21821","$8,500",False,nan,0,0,0,,,,,8500.0,Active,https://app.hwestauctions.com/details.php?id=152686
6a02ee57bbab96036c76,2026-05-26T10:57:49,2026-05-26 15:00:00,HW,Harford County,"301 ASBURY RD, CHURCHVILLE, MD 21028","$14,500",False,nan,0,0,0,,,,,14500.0,Active,https://app.hwestauctions.com/details.php?id=152487
f3f6eeda2f50a276d6bc,2026-05-26T10:57:49,2026-05-27 09:15:00,AC,Anne Arundel County,"8611 Wintergreen Court, Unit #406, Odenton, 21113","$40,500",False,nan,0,0,0,,,,,40500.0,Active,https://realestate.alexcooper.com/direct-download-document?url=https%3A%2F%2Fproduction2-server.auctionmobility.com%2Fv1%2Fdocument%2F1-EGQL%2F1-CMMJ02%2Fauctionmobility-tenant-private%2FUHyv-1-EGQL%2Fdocuments%2F526190.pdf
f2afa56d28a1f5453730,2026-05-26T10:57:49,2026-05-27 09:25:00,AC,Anne Arundel County,"7915 Darby Lane, Severn, 21144","$28,000",False,nan,0,0,0,,,,,28000.0,Active,https://realestate.alexcooper.com/direct-download-document?url=https%3A%2F%2Fproduction2-server.auctionmobility.com%2Fv1%2Fdocument%2F1-EGQL%2F1-CMMJ0W%2Fauctionmobility-tenant-private%2FMVvt-1-EGQL%2Fdocuments%2F526274.pdf
61cbef04ca66870d018c,2026-05-26T10:57:49,2026-05-27 09:27:00,AC,Anne Arundel County,"1533 Mayfield Road, Edgewater, 21037","$22,000",False,nan,0,0,0,,,,,22000.0,Active,https://realestate.alexcooper.com/direct-download-document?url=https%3A%2F%2Fproduction2-server.auctionmobility.com%2Fv1%2Fdocument%2F1-EGQL%2F1-CMMJ31%2Fauctionmobility-tenant-private%2FyJEP-1-EGQL%2Fdocuments%2F526310.pdf
59f0e414b059a7aa1236,2026-05-26T10:57:49,2026-05-27 09:30:00,HW,Frederick County,"1201 BISHOP COURT, FREDERICK, MD 21702",10%,False,nan,0,0,0,,,,,0.0,Active,https://app.hwestauctions.com/details.php?id=152467
8e30b9b990a868659c37,2026-05-26T10:57:49,2026-05-27 09:30:00,TW,Howard County,"9129 Bryant Avenue, Laurel, MD 20723","$57,000",False,nan,0,0,0,,,,,57000.0,Active,
783968b8c219665b36e3,2026-05-26T10:57:49,2026-05-27 09:45:00,HW,Frederick County,"1731 NORTHRIDGE LANE, FREDERICK, MD 21702","$18,500",False,nan,0,0,0,,,,,18500.0,Active,https://app.hwestauctions.com/details.php?id=152550
ce73c08b3e883b99c9c1,2026-05-26T10:57:49,2026-05-27 10:30:00,HW,"Washington, DC","4231 MEADE STREET NE, WASHINGTON, MD 20019",10%,False,nan,0,0,0,,,,,0.0,Active,https://app.hwestauctions.com/details.php?id=152719
871f1f92669fa58b5d94,2026-05-26T10:57:49,2026-05-27 10:35:00,HW,"Washington, DC","151 S STREET NW, WASHINGTON, MD 20001","$50,000",False,nan,0,0,0,,,,,50000.0,Active,https://app.hwestauctions.com/details.php?id=152769
d8c73d272513a76c64fe,2026-05-26T10:57:49,2026-05-27 11:00:00,HW,Montgomery County,"17916 OVERWOOD DRIVE, OLNEY, MD 20832","$44,000",False,nan,0,0,0,,,,,44000.0,Active,https://app.hwestauctions.com/details.php?id=152704
77c4c91ca924b26bd128,2026-05-26T10:57:49,2026-05-27 11:09:00,AC,Prince George's County,"5604 Ramblewood Avenue, Clinton, 20735","$39,000",False,nan,0,0,0,,,,,39000.0,Active,https://realestate.alexcooper.com/direct-download-document?url=https%3A%2F%2Fproduction2-server.auctionmobility.com%2Fv1%2Fdocument%2F1-EGQL%2F1-CMMJ1E%2Fauctionmobility-tenant-private%2FqpnI-1-EGQL%2Fdocuments%2F526293.pdf
23d7ba7b4f6e663195d0,2026-05-26T10:57:49,2026-05-27 11:15:00,HW,Carroll County,"409 WINDY KNOLL DR, MOUNT AIRY, MD 21771","$15,500",False,nan,0,0,0,,,,,15500.0,Active,https://app.hwestauctions.com/details.php?id=152499
c6a25d04eb8a64b93dc1,2026-05-26T10:57:49,2026-05-27 11:15:00,TW,Montgomery County,"13624 Palmetto Circle, Germantown, MD 20874","$40,000",False,nan,0,0,0,,,,,40000.0,Active,
e047f61ad17969ee7070,2026-05-26T10:57:49,2026-05-27 11:15:00,TW,Montgomery County,"21115 Futura Court, Germantown, MD 20876","$5,000",False,nan,0,0,0,,,,,5000.0,Active,
2f59a39ae83129cc88aa,2026-05-26T10:57:49,2026-05-27 11:15:00,TW,Montgomery County,"4505 Sleaford Road, Bethesda, MD 20814","$50,000",False,nan,0,0,0,,,,,50000.0,Active,
8448af2ac17c6b2a35dc,2026-05-26T10:57:49,2026-05-27 11:15:00,AC,Prince George's County,"2221 Houston Street, Suitland, 20746","$23,000",False,nan,0,0,0,,,,,23000.0,Active,https://realestate.alexcooper.com/direct-download-document?url=https%3A%2F%2Fproduction2-server.auctionmobility.com%2Fv1%2Fdocument%2F1-EGQL%2F1-CMMJ0F%2Fauctionmobility-tenant-private%2FyRIP-1-EGQL%2Fdocuments%2F526260.pdf
789cc2c3b8a34a0f5cb3,2026-05-26T10:57:49,2026-05-27 11:17:00,AC,Prince George's County,"6704 Hamilton Street, Riverdale, 20737","$33,000",False,nan,0,0,0,,,,,33000.0,Active,https://realestate.alexcooper.com/direct-download-document?url=https%3A%2F%2Fproduction2-server.auctionmobility.com%2Fv1%2Fdocument%2F1-EGQL%2F1-CMMJ39%2Fauctionmobility-tenant-private%2F8QzO-1-EGQL%2Fdocuments%2F526317.pdf
05bbff6c6add73fd3325,2026-05-26T10:57:49,2026-05-27 11:19:00,AC,Prince George's County,"3008 Irma Court, Suitland, 20746","$29,000",False,nan,0,0,0,,,,,29000.0,Active,https://realestate.alexcooper.com/direct-download-document?url=https%3A%2F%2Fproduction2-server.auctionmobility.com%2Fv1%2Fdocument%2F1-EGQL%2F1-CMMJ2P%2Fauctionmobility-tenant-private%2FMeRI-1-EGQL%2Fdocuments%2F526155.pdf
2282e0fa710fe16e99cb,2026-05-26T10:57:49,2026-05-27 12:30:00,HW,Howard County,"5914 WATCH CHAIN WAY, APT. 604, COLUMBIA, MD 21044","$18,500",False,nan,0,0,0,,,,,18500.0,Active,https://app.hwestauctions.com/details.php?id=152687
f5b0ae6ec065a766c223,2026-05-26T10:57:49,2026-05-27 13:50:00,AC,St. Mary's County,"45512 Westmeath Way, Unit #B24, Great Mills, 20634","$18,000",False,nan,0,0,0,,,,,18000.0,Active,https://realestate.alexcooper.com/direct-download-document?url=https%3A%2F%2Fproduction2-server.auctionmobility.com%2Fv1%2Fdocument%2F1-EGQL%2F1-CMMJ15%2Fauctionmobility-tenant-private%2FjZzf-1-EGQL%2Fdocuments%2F526292.pdf
5267b25c6b899df5a17d,2026-05-26T10:57:49,2026-05-27 14:30:00,HW,Carroll County,"881 AMHERST LANE, WESTMINSTER, MD 21158","$10,500",False,nan,0,0,0,,,,,10500.0,Active,https://app.hwestauctions.com/details.php?id=152640
98e3b0c482d07fe9d174,2026-05-26T10:57:49,2026-05-27 14:50:00,AC,Calvert County,"11616 Deadwood Drive, Lusby, 20657","$30,000",False,nan,0,0,0,,,,,30000.0,Active,https://realestate.alexcooper.com/direct-download-document?url=https%3A%2F%2Fproduction2-server.auctionmobility.com%2Fv1%2Fdocument%2F1-EGQL%2F1-CMMIZT%2Fauctionmobility-tenant-private%2FXdra-1-EGQL%2Fdocuments%2F526192.pdf
5d601e54c788259a768d,2026-05-26T10:57:49,2026-05-28 09:15:00,AC,Baltimore City,"1805 Clifton Avenue, Baltimore, 21217","$10,000 → 10%",False,nan,0,0,0,,,,,10000.0,Active,https://realestate.alexcooper.com/direct-download-document?url=https%3A%2F%2Fproduction2-server.auctionmobility.com%2Fv1%2Fdocument%2F1-EGQL%2F1-CMMJ9F%2Fauctionmobility-tenant-private%2F8qNc-1-EGQL%2Fdocuments%2F526151.pdf
dc4be93c154672588d3e,2026-05-26T10:57:49,2026-05-28 09:25:00,AC,Baltimore City,"2830 West Mulberry Street, Baltimore, 21223","$5,000",False,nan,0,0,0,,,,,5000.0,Active,https://realestate.alexcooper.com/direct-download-document?url=https%3A%2F%2Fproduction2-server.auctionmobility.com%2Fv1%2Fdocument%2F1-EGQL%2F1-CMMJ6U%2Fauctionmobility-tenant-private%2F2aAT-1-EGQL%2Fdocuments%2F526333.pdf
550445f93862c049fcc4,2026-05-26T10:57:49,2026-05-28 09:30:00,AC,Baltimore City,"33 South Ann Street, Baltimore, 21231","$30,000",False,nan,0,0,0,,,,,30000.0,Active,https://realestate.alexcooper.com/direct-download-document?url=https%3A%2F%2Fproduction2-server.auctionmobility.com%2Fv1%2Fdocument%2F1-EGQL%2F1-CMMJ4Y%2Fauctionmobility-tenant-private%2Fk3cr-1-EGQL%2Fdocuments%2F526008.pdf
91718ce7d211e5866070,2026-05-26T10:57:49,2026-05-28 09:32:00,AC,Baltimore City,"3930 Clarinth Road, Baltimore, 21215","$11,000",False,nan,0,0,0,,,,,11000.0,Active,https://realestate.alexcooper.com/direct-download-document?url=https%3A%2F%2Fproduction2-server.auctionmobility.com%2Fv1%2Fdocument%2F1-EGQL%2F1-CMMJ97%2Fauctionmobility-tenant-private%2FPauW-1-EGQL%2Fdocuments%2F526287.pdf
0fb5f215b7534f61a1ca,2026-05-26T10:57:49,2026-05-28 09:37:00,AC,Baltimore City,"4203 Grace Court, Baltimore, 21226","$14,000",False,nan,0,0,0,,,,,14000.0,Active,https://realestate.alexcooper.com/direct-download-document?url=https%3A%2F%2Fproduction2-server.auctionmobility.com%2Fv1%2Fdocument%2F1-EGQL%2F1-CMMJ8R%2Fauctionmobility-tenant-private%2FbivR-1-EGQL%2Fdocuments%2F526348.pdf
7604b97fa6f4e9ea3e09,2026-05-26T10:57:49,2026-05-28 09:39:00,AC,Baltimore City,"4328 Fairhaven Avenue, Baltimore, 21226","$16,500",False,nan,0,0,0,,,,,16500.0,Active,https://realestate.alexcooper.com/direct-download-document?url=https%3A%2F%2Fproduction2-server.auctionmobility.com%2Fv1%2Fdocument%2F1-EGQL%2F1-CMMJ8J%2Fauctionmobility-tenant-private%2FNAmD-1-EGQL%2Fdocuments%2F526347.pdf
e0867fe0bbb2ea497001,2026-05-26T10:57:49,2026-05-28 09:41:00,AC,Baltimore City,"2860 Lake Avenue, Baltimore, 21213","$9,500",False,nan,0,0,0,,,,,9500.0,Active,https://realestate.alexcooper.com/direct-download-document?url=https%3A%2F%2Fproduction2-server.auctionmobility.com%2Fv1%2Fdocument%2F1-EGQL%2F1-CMMJ81%2Fauctionmobility-tenant-private%2Fvpp0-1-EGQL%2Fdocuments%2F526337.pdf
910171edacef5211cc8d,2026-05-26T10:57:49,2026-05-28 09:43:00,AC,Baltimore City,"4232 Bonner Road, Baltimore, 21216","$14,500",False,nan,0,0,0,,,,,14500.0,Active,https://realestate.alexcooper.com/direct-download-document?url=https%3A%2F%2Fproduction2-server.auctionmobility.com%2Fv1%2Fdocument%2F1-EGQL%2F1-CMMJ7S%2Fauctionmobility-tenant-private%2FFGrr-1-EGQL%2Fdocuments%2F526307.pdf
1ebd87bf174d51548987,2026-05-26T10:57:49,2026-05-28 09:50:00,AC,Baltimore City,"3727 Boarman Avenue, Baltimore, 21215","$30,000",False,nan,0,0,0,,,,,30000.0,Active,https://realestate.alexcooper.com/direct-download-document?url=https%3A%2F%2Fproduction2-server.auctionmobility.com%2Fv1%2Fdocument%2F1-EGQL%2F1-CMMJ4A%2Fauctionmobility-tenant-private%2FW1GP-1-EGQL%2Fdocuments%2F526275.pdf
a6160c55f297832390fd,2026-05-26T10:57:49,2026-05-28 09:58:00,AC,Baltimore City,"1410 North Bond Street, Baltimore, 21213","$18,000",False,nan,0,0,0,,,,,18000.0,Active,https://realestate.alexcooper.com/direct-download-document?url=https%3A%2F%2Fproduction2-server.auctionmobility.com%2Fv1%2Fdocument%2F1-EGQL%2F1-CMMJ3I%2Fauctionmobility-tenant-private%2FtUcb-1-EGQL%2Fdocuments%2F526318.pdf
b923575066c84eee6166,2026-05-26T10:57:49,2026-05-28 10:00:00,TW,Baltimore City,"2414 E. Fayette Street, Baltimore, MD 21224","$20,000",False,nan,0,0,0,,,,,20000.0,Active,
f060d63b3f3041dd2eb9,2026-05-26T10:57:49,2026-05-28 10:00:00,TW,Baltimore City,"2439 Lauretta Avenue, Baltimore, MD 21223","$7,500",False,nan,0,0,0,,,,,7500.0,Active,
b7d557662a42ade0754b,2026-05-26T10:57:49,2026-05-28 10:00:00,TW,Baltimore City,"5411 Lynview Avenue, Baltimore, MD 21215","$5,000",False,nan,0,0,0,,,,,5000.0,Active,
177dc3c1c2d36ef1cb34,2026-05-26T10:57:49,2026-05-28 10:00:00,AC,Baltimore City,"764 North Grantley Street, Baltimore, 21229","$18,000",False,nan,0,0,0,,,,,18000.0,Active,https://realestate.alexcooper.com/direct-download-document?url=https%3A%2F%2Fproduction2-server.auctionmobility.com%2Fv1%2Fdocument%2F1-EGQL%2F1-CMMJ6B%2Fauctionmobility-tenant-private%2FxohC-1-EGQL%2Fdocuments%2F526075.pdf
53b637dd206a69d40604,2026-05-26T10:57:49,2026-05-28 10:00:00,TW,Baltimore City,"9 South Bernice Avenue, Baltimore, MD 21229","$20,000",False,nan,0,0,0,,,,,20000.0,Active,
e23a89f52db3409c9cab,2026-05-26T10:57:49,2026-05-28 11:30:00,HW,Baltimore City,"2308 EDGEMONT AVENUE, BALTIMORE, MD 21217",10%,False,nan,0,0,0,,,,,0.0,Active,https://app.hwestauctions.com/details.php?id=152452
42571a17f0dd79a41d25,2026-05-26T10:57:49,2026-05-28 11:30:00,HW,Baltimore City,"3422 AUCHENTOROLY TERRACE, BALTIMORE, MD 21217",10%,False,nan,0,0,0,,,,,0.0,Active,https://app.hwestauctions.com/details.php?id=152741
1e59f7ab2a34921ea7dd,2026-05-26T10:57:49,2026-05-28 11:30:00,HW,Baltimore City,"5456 WHITWOOD ROAD, BALTIMORE, MD 21206",10%,False,nan,0,0,0,,,,,0.0,Active,https://app.hwestauctions.com/details.php?id=152746
66dae858fbdcb90e7fbb,2026-05-26T10:57:49,2026-05-28 11:30:00,HW,Baltimore City,"804 KEVIN ROAD, BALTIMORE, MD 21229",10%,False,nan,0,0,0,,,,,0.0,Active,https://app.hwestauctions.com/details.php?id=152453
532edf22ea77ace282bf,2026-05-26T10:57:49,2026-05-28 11:30:00,TW,Baltimore County,"10004 Clairview Lane, Baltimore, MD 21220","$32,000",False,nan,0,0,0,,,,,32000.0,Active,
9141b372c85dfb2d4afd,2026-05-26T10:57:49,2026-05-28 11:30:00,TW,Baltimore County,"12 Scotts Manor Ct, Freeland, MD 21053","$50,000",False,nan,0,0,0,,,,,50000.0,Active,
ea7bfc82d8a03cf425a0,2026-05-26T10:57:49,2026-05-28 11:30:00,TW,Baltimore County,"3608 Fieldstone Road, Randallstown, MD 21133","$22,000",False,nan,0,0,0,,,,,22000.0,Active,
91c2396844148e61e727,2026-05-26T10:57:49,2026-05-28 11:30:00,TW,Baltimore County,"4020 Gold Hill Road, Owings Mills, MD 21117","$46,000",False,nan,0,0,0,,,,,46000.0,Active,
1961a7ec5c4dfaac7f64,2026-05-26T10:57:49,2026-05-28 11:45:00,HW,Baltimore City,"3526 FREDERICK AVE, BALTIMORE, MD 21229","$17,800",False,nan,0,0,0,,,,,17800.0,Active,https://app.hwestauctions.com/details.php?id=152775
4f6c7ab8aaa4bac5f6f7,2026-05-26T10:57:49,2026-05-28 11:45:00,HW,Baltimore City,"4206 REISTERSTOWN RD, BALTIMORE, MD 21215","$11,700",False,nan,0,0,0,,,,,11700.0,Active,https://app.hwestauctions.com/details.php?id=152739
2ee495b63737f43056cd,2026-05-26T10:57:49,2026-05-28 11:45:00,HW,Baltimore City,"511 S BOND STREET UNIT 304, BALTIMORE, MD 21231","$10,400",False,nan,0,0,0,,,,,10400.0,Active,https://app.hwestauctions.com/details.php?id=152793
fcf0a256449908f07e75,2026-05-26T10:57:49,2026-05-28 12:00:00,HW,Baltimore City,"3405 MONDAWMIN AVENUE, BALTIMORE, MD 21216","$20,000",False,nan,0,0,0,,,,,20000.0,Active,https://app.hwestauctions.com/details.php?id=152712
f68b7f2655bcbcdb55a4,2026-05-26T10:57:49,2026-05-28 12:00:00,AC,Baltimore County,"9303 Innsbrook Way, Nottingham, 21236","$33,000",False,nan,0,0,0,,,,,33000.0,Active,https://realestate.alexcooper.com/direct-download-document?url=https%3A%2F%2Fproduction2-server.auctionmobility.com%2Fv1%2Fdocument%2F1-EGQL%2F1-CMMJ72%2Fauctionmobility-tenant-private%2FIJvj-1-EGQL%2Fdocuments%2F526334.pdf
425c6e725dda3886767a,2026-05-26T10:57:49,2026-05-28 12:02:00,AC,Baltimore County,"20428 Downes Road, Parkton, 21120","$54,000",False,nan,0,0,0,,,,,54000.0,Active,https://realestate.alexcooper.com/direct-download-document?url=https%3A%2F%2Fproduction2-server.auctionmobility.com%2Fv1%2Fdocument%2F1-EGQL%2F1-CMMJ7B%2Fauctionmobility-tenant-private%2FSNQ4-1-EGQL%2Fdocuments%2F526335.pdf
64de6fc6f71320f702b6,2026-05-26T10:57:49,2026-05-28 12:07:00,AC,Baltimore County,"2 Winner Circle, Unit #1A, Owings Mills, 21117","$12,000",False,nan,0,0,0,,,,,12000.0,Active,https://realestate.alexcooper.com/direct-download-document?url=https%3A%2F%2Fproduction2-server.auctionmobility.com%2Fv1%2Fdocument%2F1-EGQL%2F1-CMMJ8B%2Fauctionmobility-tenant-private%2Fcrl3-1-EGQL%2Fdocuments%2F526338.pdf
a961ff0149b42d856546,2026-05-26T10:57:49,2026-05-28 12:12:00,AC,Baltimore County,"1872 Church Road, Baltimore a/r/t/a Dundalk, 21222","$20,000",False,nan,0,0,0,,,,,20000.0,Active,https://realestate.alexcooper.com/direct-download-document?url=https%3A%2F%2Fproduction2-server.auctionmobility.com%2Fv1%2Fdocument%2F1-EGQL%2F1-CMMJ58%2Fauctionmobility-tenant-private%2FktXI-1-EGQL%2Fdocuments%2F526204.pdf
5c2d639da0e5807cab28,2026-05-26T10:57:49,2026-05-28 12:14:00,AC,Baltimore County,"6000 Point Pleasant Road, Baltimore, 21206","$19,000",False,nan,0,0,0,,,,,19000.0,Active,https://realestate.alexcooper.com/direct-download-document?url=https%3A%2F%2Fproduction2-server.auctionmobility.com%2Fv1%2Fdocument%2F1-EGQL%2F1-CMMJ5P%2Fauctionmobility-tenant-private%2FuZ0A-1-EGQL%2Fdocuments%2F526170.pdf
f0bd5d0fe287d34330d6,2026-05-26T10:57:49,2026-05-28 12:16:00,AC,Baltimore County,"8348 Streamwood Drive, Baltimore a/r/t/a Pikesville, 21208","$30,000",False,nan,0,0,0,,,,,30000.0,Active,https://realestate.alexcooper.com/direct-download-document?url=https%3A%2F%2Fproduction2-server.auctionmobility.com%2Fv1%2Fdocument%2F1-EGQL%2F1-CMMJ5X%2Fauctionmobility-tenant-private%2FW8F6-1-EGQL%2Fdocuments%2F526171.pdf
7e997ba0f2d0058158f3,2026-05-26T10:57:49,2026-05-28 13:30:00,HW,Baltimore County,"332 CHAMBORLEY DRIVE, REISTERSTOWN, MD 21136",10%,False,nan,0,0,0,,,,,0.0,Active,https://app.hwestauctions.com/details.php?id=152745
be4275449ac62151ebfc,2026-05-26T10:57:49,2026-05-28 13:45:00,HW,Baltimore County,"1438 FOREST PARK AVENUE, BALTIMORE, MD 21207","$20,200",False,nan,0,0,0,,,,,20200.0,Active,https://app.hwestauctions.com/details.php?id=152788
e07aeee5a6872871368e,2026-05-26T10:57:49,2026-05-28 13:45:00,HW,Baltimore County,"19701 OLD YORK RD, WHITE HALL, MD 21161","$41,300",False,nan,0,0,0,,,,,41300.0,Active,https://app.hwestauctions.com/details.php?id=152737
89344d1fe27b0a36f1a8,2026-05-26T10:57:49,2026-05-28 14:00:00,AC,Harford County,"400 Schucks Road, Bel Air, 21015","$15,000",False,nan,0,0,0,,,,,15000.0,Active,https://realestate.alexcooper.com/direct-download-document?url=https%3A%2F%2Fproduction2-server.auctionmobility.com%2Fv1%2Fdocument%2F1-EGQL%2F1-CMMJ6M%2Fauctionmobility-tenant-private%2F9nu4-1-EGQL%2Fdocuments%2F526137.pdf
3c0bf937156bbc6fd0dd,2026-05-26T10:57:49,2026-05-28 14:10:00,AC,Harford County,"1407 Saint Christopher Court, Edgewood, 21040","$21,000",False,nan,0,0,0,,,,,21000.0,Active,https://realestate.alexcooper.com/direct-download-document?url=https%3A%2F%2Fproduction2-server.auctionmobility.com%2Fv1%2Fdocument%2F1-EGQL%2F1-CMMJ5H%2Fauctionmobility-tenant-private%2FvDCC-1-EGQL%2Fdocuments%2F526205.pdf
1b4e76fc8263203b480a,2026-05-26T10:57:49,2026-05-28 14:12:00,AC,Harford County,"2100 Railroad Avenue, Edgewood, 21040","$17,000",False,nan,0,0,0,,,,,17000.0,Active,https://realestate.alexcooper.com/direct-download-document?url=https%3A%2F%2Fproduction2-server.auctionmobility.com%2Fv1%2Fdocument%2F1-EGQL%2F1-CMMJ3T%2Fauctionmobility-tenant-private%2F37JJ-1-EGQL%2Fdocuments%2F526367.pdf
e359d6c8a3e906aaaf26,2026-05-26T10:57:49,2026-05-28 15:30:00,HW,Harford County,"2522A RED MAPLE DRIVE, ABINGDON, MD 21009",10%,False,nan,0,0,0,,,,,0.0,Active,https://app.hwestauctions.com/details.php?id=152468
7f43f1933f79c6fc0071,2026-05-26T10:57:49,2026-05-29 09:30:00,AC,Howard County,"8341 Governor Grayson Way, Ellicott City, 21043","$30,000",False,nan,0,0,0,,,,,30000.0,Active,https://realestate.alexcooper.com/direct-download-document?url=https%3A%2F%2Fproduction2-server.auctionmobility.com%2Fv1%2Fdocument%2F1-EGQL%2F1-CMMJAE%2Fauctionmobility-tenant-private%2F6jAE-1-EGQL%2Fdocuments%2F526306.pdf
d71316fd6e3e31dd9973,2026-05-26T10:57:49,2026-05-29 09:35:00,AC,Howard County,"9700 Robert Jay Way, Ellicott City, 21042","$56,000",False,nan,0,0,0,,,,,56000.0,Active,https://realestate.alexcooper.com/direct-download-document?url=https%3A%2F%2Fproduction2-server.auctionmobility.com%2Fv1%2Fdocument%2F1-EGQL%2F1-CMMJAW%2Fauctionmobility-tenant-private%2FAg6P-1-EGQL%2Fdocuments%2F526368.pdf
a373194ff4506927978e,2026-05-26T10:57:49,2026-05-29 10:40:00,AC,Montgomery County,"6 Piney Meetinghouse Court, Potomac, 20854","$122,000",False,nan,0,0,0,,,,,122000.0,Active,https://realestate.alexcooper.com/direct-download-document?url=https%3A%2F%2Fproduction2-server.auctionmobility.com%2Fv1%2Fdocument%2F1-EGQL%2F1-CMMJA2%2Fauctionmobility-tenant-private%2FlWJ8-1-EGQL%2Fdocuments%2F526297.pdf
840a16d2ce15d3ffc537,2026-05-26T10:57:49,2026-05-29 10:45:00,AC,Montgomery County,"11104 Lund Place, Kensington, 20895","$31,000",False,nan,0,0,0,,,,,31000.0,Active,https://realestate.alexcooper.com/direct-download-document?url=https%3A%2F%2Fproduction2-server.auctionmobility.com%2Fv1%2Fdocument%2F1-EGQL%2F1-CMMJAM%2Fauctionmobility-tenant-private%2FB9r3-1-EGQL%2Fdocuments%2F526234.pdf
a5c30c8cb0105f88cc90,2026-05-26T10:57:49,2026-05-29 10:47:00,AC,Montgomery County,"19621 Gunners Branch Road, Unit #833, Germantown, 20876","$9,000",False,nan,0,0,0,,,,,9000.0,Active,https://realestate.alexcooper.com/direct-download-document?url=https%3A%2F%2Fproduction2-server.auctionmobility.com%2Fv1%2Fdocument%2F1-EGQL%2F1-CMMJB4%2Fauctionmobility-tenant-private%2Fypnp-1-EGQL%2Fdocuments%2F526369.pdf
c3c9e5fa433006367560,2026-05-26T10:57:49,2026-05-29 11:00:00,TW,"Washington, DC","335 Peabody Street NE, Washington, DC 20011 - ALL DEPOSITS MUST BE MADE OUT TO THE SECRETARY OF HUD. NO SELF ENDORSED CHECKS. NO EXCEPTIONS!","$47,500",False,nan,0,0,0,,,,,47500.0,Active,
f5cee3eb83cb8276eb26,2026-05-26T10:57:49,2026-05-29 11:00:00,TW,"Washington, DC","5037 Call Place SE, Unit 303, Washington, DC 20019","$11,000",False,nan,0,0,0,,,,,11000.0,Active,
ecd34832797009c0ca0b,2026-05-26T10:57:49,2026-05-29 12:00:00,TW,Allegany County,"155 Wood Street, Westernport, MD 21562","$10,000",False,nan,0,0,0,,,,,10000.0,Active,
14f65a605d7e7a92da74,2026-05-26T10:57:49,2026-05-29 12:05:00,AC,Frederick County,"6540 Ballenger Run Boulevard, Frederick, 21703","$30,000",False,nan,0,0,0,,,,,30000.0,Active,https://realestate.alexcooper.com/direct-download-document?url=https%3A%2F%2Fproduction2-server.auctionmobility.com%2Fv1%2Fdocument%2F1-EGQL%2F1-CMMJC8%2Fauctionmobility-tenant-private%2F3XqS-1-EGQL%2Fdocuments%2F526352.pdf
850fa0511f172726f9ed,2026-05-26T10:57:49,2026-05-29 13:20:00,AC,Washington County,"13804 Mercersburg Road, Clear Spring, 21722","$11,000",False,nan,0,0,0,,,,,11000.0,Active,https://realestate.alexcooper.com/direct-download-document?url=https%3A%2F%2Fproduction2-server.auctionmobility.com%2Fv1%2Fdocument%2F1-EGQL%2F1-CMMJBK%2Fauctionmobility-tenant-private%2FHKAu-1-EGQL%2Fdocuments%2F526319.pdf
